--
-- PostgreSQL database dump
--

-- Dumped from database version 13.20 (Debian 13.20-1.pgdg120+1)
-- Dumped by pg_dump version 13.20 (Debian 13.20-1.pgdg120+1)

SET statement_timeout = 0;
SET lock_timeout = 0;
SET idle_in_transaction_session_timeout = 0;
SET client_encoding = 'UTF8';
SET standard_conforming_strings = on;
SELECT pg_catalog.set_config('search_path', '', false);
SET check_function_bodies = false;
SET xmloption = content;
SET client_min_messages = warning;
SET row_security = off;

SET default_tablespace = '';

SET default_table_access_method = heap;

--
-- Name: auth_group; Type: TABLE; Schema: public; Owner: postgres
--

CREATE TABLE public.auth_group (
    id integer NOT NULL,
    name character varying(150) NOT NULL
);


ALTER TABLE public.auth_group OWNER TO postgres;

--
-- Name: auth_group_id_seq; Type: SEQUENCE; Schema: public; Owner: postgres
--

ALTER TABLE public.auth_group ALTER COLUMN id ADD GENERATED BY DEFAULT AS IDENTITY (
    SEQUENCE NAME public.auth_group_id_seq
    START WITH 1
    INCREMENT BY 1
    NO MINVALUE
    NO MAXVALUE
    CACHE 1
);


--
-- Name: auth_group_permissions; Type: TABLE; Schema: public; Owner: postgres
--

CREATE TABLE public.auth_group_permissions (
    id bigint NOT NULL,
    group_id integer NOT NULL,
    permission_id integer NOT NULL
);


ALTER TABLE public.auth_group_permissions OWNER TO postgres;

--
-- Name: auth_group_permissions_id_seq; Type: SEQUENCE; Schema: public; Owner: postgres
--

ALTER TABLE public.auth_group_permissions ALTER COLUMN id ADD GENERATED BY DEFAULT AS IDENTITY (
    SEQUENCE NAME public.auth_group_permissions_id_seq
    START WITH 1
    INCREMENT BY 1
    NO MINVALUE
    NO MAXVALUE
    CACHE 1
);


--
-- Name: auth_permission; Type: TABLE; Schema: public; Owner: postgres
--

CREATE TABLE public.auth_permission (
    id integer NOT NULL,
    name character varying(255) NOT NULL,
    content_type_id integer NOT NULL,
    codename character varying(100) NOT NULL
);


ALTER TABLE public.auth_permission OWNER TO postgres;

--
-- Name: auth_permission_id_seq; Type: SEQUENCE; Schema: public; Owner: postgres
--

ALTER TABLE public.auth_permission ALTER COLUMN id ADD GENERATED BY DEFAULT AS IDENTITY (
    SEQUENCE NAME public.auth_permission_id_seq
    START WITH 1
    INCREMENT BY 1
    NO MINVALUE
    NO MAXVALUE
    CACHE 1
);


--
-- Name: django_admin_log; Type: TABLE; Schema: public; Owner: postgres
--

CREATE TABLE public.django_admin_log (
    id integer NOT NULL,
    action_time timestamp with time zone NOT NULL,
    object_id text,
    object_repr character varying(200) NOT NULL,
    action_flag smallint NOT NULL,
    change_message text NOT NULL,
    content_type_id integer,
    user_id bigint NOT NULL,
    CONSTRAINT django_admin_log_action_flag_check CHECK ((action_flag >= 0))
);


ALTER TABLE public.django_admin_log OWNER TO postgres;

--
-- Name: django_admin_log_id_seq; Type: SEQUENCE; Schema: public; Owner: postgres
--

ALTER TABLE public.django_admin_log ALTER COLUMN id ADD GENERATED BY DEFAULT AS IDENTITY (
    SEQUENCE NAME public.django_admin_log_id_seq
    START WITH 1
    INCREMENT BY 1
    NO MINVALUE
    NO MAXVALUE
    CACHE 1
);


--
-- Name: django_content_type; Type: TABLE; Schema: public; Owner: postgres
--

CREATE TABLE public.django_content_type (
    id integer NOT NULL,
    app_label character varying(100) NOT NULL,
    model character varying(100) NOT NULL
);


ALTER TABLE public.django_content_type OWNER TO postgres;

--
-- Name: django_content_type_id_seq; Type: SEQUENCE; Schema: public; Owner: postgres
--

ALTER TABLE public.django_content_type ALTER COLUMN id ADD GENERATED BY DEFAULT AS IDENTITY (
    SEQUENCE NAME public.django_content_type_id_seq
    START WITH 1
    INCREMENT BY 1
    NO MINVALUE
    NO MAXVALUE
    CACHE 1
);


--
-- Name: django_migrations; Type: TABLE; Schema: public; Owner: postgres
--

CREATE TABLE public.django_migrations (
    id bigint NOT NULL,
    app character varying(255) NOT NULL,
    name character varying(255) NOT NULL,
    applied timestamp with time zone NOT NULL
);


ALTER TABLE public.django_migrations OWNER TO postgres;

--
-- Name: django_migrations_id_seq; Type: SEQUENCE; Schema: public; Owner: postgres
--

ALTER TABLE public.django_migrations ALTER COLUMN id ADD GENERATED BY DEFAULT AS IDENTITY (
    SEQUENCE NAME public.django_migrations_id_seq
    START WITH 1
    INCREMENT BY 1
    NO MINVALUE
    NO MAXVALUE
    CACHE 1
);


--
-- Name: django_session; Type: TABLE; Schema: public; Owner: postgres
--

CREATE TABLE public.django_session (
    session_key character varying(40) NOT NULL,
    session_data text NOT NULL,
    expire_date timestamp with time zone NOT NULL
);


ALTER TABLE public.django_session OWNER TO postgres;

--
-- Name: notifications_notification; Type: TABLE; Schema: public; Owner: postgres
--

CREATE TABLE public.notifications_notification (
    id bigint NOT NULL,
    type character varying(20) NOT NULL,
    title character varying(255) NOT NULL,
    message text NOT NULL,
    read boolean NOT NULL,
    created_at timestamp with time zone NOT NULL,
    recipient_id bigint NOT NULL,
    related_bid_id bigint,
    related_pilot_id bigint
);


ALTER TABLE public.notifications_notification OWNER TO postgres;

--
-- Name: notifications_notification_id_seq; Type: SEQUENCE; Schema: public; Owner: postgres
--

ALTER TABLE public.notifications_notification ALTER COLUMN id ADD GENERATED BY DEFAULT AS IDENTITY (
    SEQUENCE NAME public.notifications_notification_id_seq
    START WITH 1
    INCREMENT BY 1
    NO MINVALUE
    NO MAXVALUE
    CACHE 1
);


--
-- Name: notifications_notificationpreferences; Type: TABLE; Schema: public; Owner: postgres
--

CREATE TABLE public.notifications_notificationpreferences (
    id bigint NOT NULL,
    enabled boolean NOT NULL,
    user_id bigint NOT NULL
);


ALTER TABLE public.notifications_notificationpreferences OWNER TO postgres;

--
-- Name: notifications_notificationpreferences_id_seq; Type: SEQUENCE; Schema: public; Owner: postgres
--

ALTER TABLE public.notifications_notificationpreferences ALTER COLUMN id ADD GENERATED BY DEFAULT AS IDENTITY (
    SEQUENCE NAME public.notifications_notificationpreferences_id_seq
    START WITH 1
    INCREMENT BY 1
    NO MINVALUE
    NO MAXVALUE
    CACHE 1
);


--
-- Name: organizations_organization; Type: TABLE; Schema: public; Owner: postgres
--

CREATE TABLE public.organizations_organization (
    id bigint NOT NULL,
    name character varying(255) NOT NULL,
    type character varying(20) NOT NULL,
    website character varying(255) NOT NULL,
    business_type character varying(20),
    business_registration_number character varying(50),
    tax_identification_number character varying(50),
    primary_contact_name character varying(255),
    primary_contact_phone character varying(20),
    created_at timestamp with time zone NOT NULL,
    updated_at timestamp with time zone NOT NULL,
    onboarding_completed boolean NOT NULL,
    free_trial_used boolean NOT NULL,
    has_payment_method boolean NOT NULL,
    stripe_customer_id character varying(100),
    description text,
    logo character varying(100),
    token_balance integer DEFAULT 0 NOT NULL,
    tokens_used integer DEFAULT 0 NOT NULL,
    tokens_purchased integer DEFAULT 0 NOT NULL
);


ALTER TABLE public.organizations_organization OWNER TO postgres;

--
-- Name: organizations_organization_id_seq; Type: SEQUENCE; Schema: public; Owner: postgres
--

ALTER TABLE public.organizations_organization ALTER COLUMN id ADD GENERATED BY DEFAULT AS IDENTITY (
    SEQUENCE NAME public.organizations_organization_id_seq
    START WITH 1
    INCREMENT BY 1
    NO MINVALUE
    NO MAXVALUE
    CACHE 1
);


--
-- Name: organizations_pilotdefinition; Type: TABLE; Schema: public; Owner: postgres
--

CREATE TABLE public.organizations_pilotdefinition (
    id bigint NOT NULL,
    description text,
    technical_specs_doc character varying(100),
    performance_metrics text,
    compliance_requirements text,
    is_private boolean NOT NULL,
    created_at timestamp with time zone NOT NULL,
    updated_at timestamp with time zone NOT NULL,
    organization_id bigint NOT NULL
);


ALTER TABLE public.organizations_pilotdefinition OWNER TO postgres;

--
-- Name: organizations_pilotdefinition_id_seq; Type: SEQUENCE; Schema: public; Owner: postgres
--

ALTER TABLE public.organizations_pilotdefinition ALTER COLUMN id ADD GENERATED BY DEFAULT AS IDENTITY (
    SEQUENCE NAME public.organizations_pilotdefinition_id_seq
    START WITH 1
    INCREMENT BY 1
    NO MINVALUE
    NO MAXVALUE
    CACHE 1
);


--
-- Name: payments_payment; Type: TABLE; Schema: public; Owner: postgres
--

CREATE TABLE public.payments_payment (
    id bigint NOT NULL,
    payment_type character varying(20) NOT NULL,
    amount numeric(10,2) NOT NULL,
    stripe_payment_id character varying(100) NOT NULL,
    status character varying(20) NOT NULL,
    created_at timestamp with time zone NOT NULL,
    organization_id bigint NOT NULL,
    subscription_id bigint
);


ALTER TABLE public.payments_payment OWNER TO postgres;

--
-- Name: payments_payment_id_seq; Type: SEQUENCE; Schema: public; Owner: postgres
--

ALTER TABLE public.payments_payment ALTER COLUMN id ADD GENERATED BY DEFAULT AS IDENTITY (
    SEQUENCE NAME public.payments_payment_id_seq
    START WITH 1
    INCREMENT BY 1
    NO MINVALUE
    NO MAXVALUE
    CACHE 1
);


--
-- Name: payments_pilottransaction; Type: TABLE; Schema: public; Owner: postgres
--

CREATE TABLE public.payments_pilottransaction (
    id bigint NOT NULL,
    amount numeric(10,2) NOT NULL,
    fee_amount numeric(10,2) NOT NULL,
    fee_percentage numeric(5,2) NOT NULL,
    stripe_payment_intent_id character varying(100) NOT NULL,
    status character varying(20) NOT NULL,
    completed_at timestamp with time zone,
    pilot_bid_id bigint NOT NULL
);


ALTER TABLE public.payments_pilottransaction OWNER TO postgres;

--
-- Name: payments_pilottransaction_id_seq; Type: SEQUENCE; Schema: public; Owner: postgres
--

ALTER TABLE public.payments_pilottransaction ALTER COLUMN id ADD GENERATED BY DEFAULT AS IDENTITY (
    SEQUENCE NAME public.payments_pilottransaction_id_seq
    START WITH 1
    INCREMENT BY 1
    NO MINVALUE
    NO MAXVALUE
    CACHE 1
);


--
-- Name: payments_pricingplan; Type: TABLE; Schema: public; Owner: postgres
--

CREATE TABLE public.payments_pricingplan (
    id bigint NOT NULL,
    name character varying(100) NOT NULL,
    plan_type character varying(50) NOT NULL,
    price numeric(10,2) NOT NULL,
    billing_frequency character varying(20) NOT NULL,
    stripe_price_id character varying(100) NOT NULL,
    pilot_limit integer NOT NULL,
    is_active boolean NOT NULL
);


ALTER TABLE public.payments_pricingplan OWNER TO postgres;

--
-- Name: payments_pricingplan_id_seq; Type: SEQUENCE; Schema: public; Owner: postgres
--

ALTER TABLE public.payments_pricingplan ALTER COLUMN id ADD GENERATED BY DEFAULT AS IDENTITY (
    SEQUENCE NAME public.payments_pricingplan_id_seq
    START WITH 1
    INCREMENT BY 1
    NO MINVALUE
    NO MAXVALUE
    CACHE 1
);


--
-- Name: payments_subscription; Type: TABLE; Schema: public; Owner: postgres
--

CREATE TABLE public.payments_subscription (
    id bigint NOT NULL,
    stripe_subscription_id character varying(100),
    stripe_customer_id character varying(100) NOT NULL,
    status character varying(20) NOT NULL,
    current_period_start timestamp with time zone,
    current_period_end timestamp with time zone,
    cancel_at_period_end boolean NOT NULL,
    created_at timestamp with time zone NOT NULL,
    updated_at timestamp with time zone NOT NULL,
    organization_id bigint NOT NULL,
    plan_id bigint NOT NULL
);


ALTER TABLE public.payments_subscription OWNER TO postgres;

--
-- Name: payments_subscription_id_seq; Type: SEQUENCE; Schema: public; Owner: postgres
--

ALTER TABLE public.payments_subscription ALTER COLUMN id ADD GENERATED BY DEFAULT AS IDENTITY (
    SEQUENCE NAME public.payments_subscription_id_seq
    START WITH 1
    INCREMENT BY 1
    NO MINVALUE
    NO MAXVALUE
    CACHE 1
);


--
-- Name: payments_tokenpackage; Type: TABLE; Schema: public; Owner: postgres
--

CREATE TABLE public.payments_tokenpackage (
    id bigint NOT NULL,
    name character varying(100) NOT NULL,
    price_per_token numeric(10,2) NOT NULL,
    description text,
    is_active boolean NOT NULL,
    stripe_price_id character varying(100)
);


ALTER TABLE public.payments_tokenpackage OWNER TO postgres;

--
-- Name: payments_tokenpackage_id_seq; Type: SEQUENCE; Schema: public; Owner: postgres
--

ALTER TABLE public.payments_tokenpackage ALTER COLUMN id ADD GENERATED BY DEFAULT AS IDENTITY (
    SEQUENCE NAME public.payments_tokenpackage_id_seq
    START WITH 1
    INCREMENT BY 1
    NO MINVALUE
    NO MAXVALUE
    CACHE 1
);


--
-- Name: payments_tokentransaction; Type: TABLE; Schema: public; Owner: postgres
--

CREATE TABLE public.payments_tokentransaction (
    id bigint NOT NULL,
    token_count integer NOT NULL,
    amount numeric(10,2) NOT NULL,
    stripe_payment_id character varying(100) NOT NULL,
    stripe_checkout_id character varying(100),
    status character varying(20) NOT NULL,
    created_at timestamp with time zone NOT NULL,
    completed_at timestamp with time zone,
    organization_id bigint NOT NULL,
    package_id bigint
);


ALTER TABLE public.payments_tokentransaction OWNER TO postgres;

--
-- Name: payments_tokentransaction_id_seq; Type: SEQUENCE; Schema: public; Owner: postgres
--

ALTER TABLE public.payments_tokentransaction ALTER COLUMN id ADD GENERATED BY DEFAULT AS IDENTITY (
    SEQUENCE NAME public.payments_tokentransaction_id_seq
    START WITH 1
    INCREMENT BY 1
    NO MINVALUE
    NO MAXVALUE
    CACHE 1
);


--
-- Name: pilots_pilot; Type: TABLE; Schema: public; Owner: postgres
--

CREATE TABLE public.pilots_pilot (
    id bigint NOT NULL,
    title character varying(255) NOT NULL,
    description text NOT NULL,
    requirements jsonb NOT NULL,
    status character varying(20) NOT NULL,
    technical_specs_doc character varying(100),
    performance_metrics text,
    compliance_requirements text,
    is_private boolean NOT NULL,
    created_at timestamp with time zone NOT NULL,
    updated_at timestamp with time zone NOT NULL,
    organization_id bigint NOT NULL,
    pilot_definition_id bigint,
    price numeric(10,2) NOT NULL,
    published_at timestamp with time zone,
    token_consumed boolean NOT NULL
);


ALTER TABLE public.pilots_pilot OWNER TO postgres;

--
-- Name: pilots_pilot_id_seq; Type: SEQUENCE; Schema: public; Owner: postgres
--

ALTER TABLE public.pilots_pilot ALTER COLUMN id ADD GENERATED BY DEFAULT AS IDENTITY (
    SEQUENCE NAME public.pilots_pilot_id_seq
    START WITH 1
    INCREMENT BY 1
    NO MINVALUE
    NO MAXVALUE
    CACHE 1
);


--
-- Name: pilots_pilotbid; Type: TABLE; Schema: public; Owner: postgres
--

CREATE TABLE public.pilots_pilotbid (
    id bigint NOT NULL,
    amount numeric(10,2) NOT NULL,
    proposal text NOT NULL,
    status character varying(20) NOT NULL,
    created_at timestamp with time zone NOT NULL,
    updated_at timestamp with time zone NOT NULL,
    stripe_payment_intent_id character varying(100),
    pilot_id bigint NOT NULL,
    startup_id bigint NOT NULL,
    fee_percentage numeric(5,2) NOT NULL
);


ALTER TABLE public.pilots_pilotbid OWNER TO postgres;

--
-- Name: pilots_pilotbid_id_seq; Type: SEQUENCE; Schema: public; Owner: postgres
--

ALTER TABLE public.pilots_pilotbid ALTER COLUMN id ADD GENERATED BY DEFAULT AS IDENTITY (
    SEQUENCE NAME public.pilots_pilotbid_id_seq
    START WITH 1
    INCREMENT BY 1
    NO MINVALUE
    NO MAXVALUE
    CACHE 1
);


--
-- Name: users_user; Type: TABLE; Schema: public; Owner: postgres
--

CREATE TABLE public.users_user (
    id bigint NOT NULL,
    password character varying(128) NOT NULL,
    last_login timestamp with time zone,
    is_superuser boolean NOT NULL,
    username character varying(150) NOT NULL,
    first_name character varying(150) NOT NULL,
    last_name character varying(150) NOT NULL,
    email character varying(254) NOT NULL,
    is_staff boolean NOT NULL,
    is_active boolean NOT NULL,
    date_joined timestamp with time zone NOT NULL,
    is_verified boolean NOT NULL,
    organization_id bigint
);


ALTER TABLE public.users_user OWNER TO postgres;

--
-- Name: users_user_groups; Type: TABLE; Schema: public; Owner: postgres
--

CREATE TABLE public.users_user_groups (
    id bigint NOT NULL,
    user_id bigint NOT NULL,
    group_id integer NOT NULL
);


ALTER TABLE public.users_user_groups OWNER TO postgres;

--
-- Name: users_user_groups_id_seq; Type: SEQUENCE; Schema: public; Owner: postgres
--

ALTER TABLE public.users_user_groups ALTER COLUMN id ADD GENERATED BY DEFAULT AS IDENTITY (
    SEQUENCE NAME public.users_user_groups_id_seq
    START WITH 1
    INCREMENT BY 1
    NO MINVALUE
    NO MAXVALUE
    CACHE 1
);


--
-- Name: users_user_id_seq; Type: SEQUENCE; Schema: public; Owner: postgres
--

ALTER TABLE public.users_user ALTER COLUMN id ADD GENERATED BY DEFAULT AS IDENTITY (
    SEQUENCE NAME public.users_user_id_seq
    START WITH 1
    INCREMENT BY 1
    NO MINVALUE
    NO MAXVALUE
    CACHE 1
);


--
-- Name: users_user_user_permissions; Type: TABLE; Schema: public; Owner: postgres
--

CREATE TABLE public.users_user_user_permissions (
    id bigint NOT NULL,
    user_id bigint NOT NULL,
    permission_id integer NOT NULL
);


ALTER TABLE public.users_user_user_permissions OWNER TO postgres;

--
-- Name: users_user_user_permissions_id_seq; Type: SEQUENCE; Schema: public; Owner: postgres
--

ALTER TABLE public.users_user_user_permissions ALTER COLUMN id ADD GENERATED BY DEFAULT AS IDENTITY (
    SEQUENCE NAME public.users_user_user_permissions_id_seq
    START WITH 1
    INCREMENT BY 1
    NO MINVALUE
    NO MAXVALUE
    CACHE 1
);


--
-- Data for Name: auth_group; Type: TABLE DATA; Schema: public; Owner: postgres
--

COPY public.auth_group (id, name) FROM stdin;
\.


--
-- Data for Name: auth_group_permissions; Type: TABLE DATA; Schema: public; Owner: postgres
--

COPY public.auth_group_permissions (id, group_id, permission_id) FROM stdin;
\.


--
-- Data for Name: auth_permission; Type: TABLE DATA; Schema: public; Owner: postgres
--

COPY public.auth_permission (id, name, content_type_id, codename) FROM stdin;
1	Can add log entry	1	add_logentry
2	Can change log entry	1	change_logentry
3	Can delete log entry	1	delete_logentry
4	Can view log entry	1	view_logentry
5	Can add permission	2	add_permission
6	Can change permission	2	change_permission
7	Can delete permission	2	delete_permission
8	Can view permission	2	view_permission
9	Can add group	3	add_group
10	Can change group	3	change_group
11	Can delete group	3	delete_group
12	Can view group	3	view_group
13	Can add content type	4	add_contenttype
14	Can change content type	4	change_contenttype
15	Can delete content type	4	delete_contenttype
16	Can view content type	4	view_contenttype
17	Can add session	5	add_session
18	Can change session	5	change_session
19	Can delete session	5	delete_session
20	Can view session	5	view_session
21	Can add organization	6	add_organization
22	Can change organization	6	change_organization
23	Can delete organization	6	delete_organization
24	Can view organization	6	view_organization
25	Can add pilot definition	7	add_pilotdefinition
26	Can change pilot definition	7	change_pilotdefinition
27	Can delete pilot definition	7	delete_pilotdefinition
28	Can view pilot definition	7	view_pilotdefinition
29	Can add pilot	8	add_pilot
30	Can change pilot	8	change_pilot
31	Can delete pilot	8	delete_pilot
32	Can view pilot	8	view_pilot
33	Can add pilot bid	9	add_pilotbid
34	Can change pilot bid	9	change_pilotbid
35	Can delete pilot bid	9	delete_pilotbid
36	Can view pilot bid	9	view_pilotbid
37	Can add user	10	add_user
38	Can change user	10	change_user
39	Can delete user	10	delete_user
40	Can view user	10	view_user
41	Can add notification	11	add_notification
42	Can change notification	11	change_notification
43	Can delete notification	11	delete_notification
44	Can view notification	11	view_notification
45	Can add notification preferences	12	add_notificationpreferences
46	Can change notification preferences	12	change_notificationpreferences
47	Can delete notification preferences	12	delete_notificationpreferences
48	Can view notification preferences	12	view_notificationpreferences
49	Can add pricing plan	13	add_pricingplan
50	Can change pricing plan	13	change_pricingplan
51	Can delete pricing plan	13	delete_pricingplan
52	Can view pricing plan	13	view_pricingplan
53	Can add pilot transaction	14	add_pilottransaction
54	Can change pilot transaction	14	change_pilottransaction
55	Can delete pilot transaction	14	delete_pilottransaction
56	Can view pilot transaction	14	view_pilottransaction
57	Can add subscription	15	add_subscription
58	Can change subscription	15	change_subscription
59	Can delete subscription	15	delete_subscription
60	Can view subscription	15	view_subscription
61	Can add payment	16	add_payment
62	Can change payment	16	change_payment
63	Can delete payment	16	delete_payment
64	Can view payment	16	view_payment
65	Can add token package	17	add_tokenpackage
66	Can change token package	17	change_tokenpackage
67	Can delete token package	17	delete_tokenpackage
68	Can view token package	17	view_tokenpackage
69	Can add token transaction	18	add_tokentransaction
70	Can change token transaction	18	change_tokentransaction
71	Can delete token transaction	18	delete_tokentransaction
72	Can view token transaction	18	view_tokentransaction
\.


--
-- Data for Name: django_admin_log; Type: TABLE DATA; Schema: public; Owner: postgres
--

COPY public.django_admin_log (id, action_time, object_id, object_repr, action_flag, change_message, content_type_id, user_id) FROM stdin;
\.


--
-- Data for Name: django_content_type; Type: TABLE DATA; Schema: public; Owner: postgres
--

COPY public.django_content_type (id, app_label, model) FROM stdin;
1	admin	logentry
2	auth	permission
3	auth	group
4	contenttypes	contenttype
5	sessions	session
6	organizations	organization
7	organizations	pilotdefinition
8	pilots	pilot
9	pilots	pilotbid
10	users	user
11	notifications	notification
12	notifications	notificationpreferences
13	payments	pricingplan
14	payments	pilottransaction
15	payments	subscription
16	payments	payment
17	payments	tokenpackage
18	payments	tokentransaction
\.


--
-- Data for Name: django_migrations; Type: TABLE DATA; Schema: public; Owner: postgres
--

COPY public.django_migrations (id, app, name, applied) FROM stdin;
1	organizations	0001_initial	2025-03-07 03:58:01.132911+00
2	contenttypes	0001_initial	2025-03-07 03:58:01.168313+00
3	contenttypes	0002_remove_content_type_name	2025-03-07 03:58:01.182161+00
4	auth	0001_initial	2025-03-07 03:58:01.254496+00
5	auth	0002_alter_permission_name_max_length	2025-03-07 03:58:01.263296+00
6	auth	0003_alter_user_email_max_length	2025-03-07 03:58:01.274091+00
7	auth	0004_alter_user_username_opts	2025-03-07 03:58:01.283703+00
8	auth	0005_alter_user_last_login_null	2025-03-07 03:58:01.2946+00
9	auth	0006_require_contenttypes_0002	2025-03-07 03:58:01.299055+00
10	auth	0007_alter_validators_add_error_messages	2025-03-07 03:58:01.308868+00
11	auth	0008_alter_user_username_max_length	2025-03-07 03:58:01.317219+00
12	auth	0009_alter_user_last_name_max_length	2025-03-07 03:58:01.325578+00
13	auth	0010_alter_group_name_max_length	2025-03-07 03:58:01.334445+00
14	auth	0011_update_proxy_permissions	2025-03-07 03:58:01.356218+00
15	auth	0012_alter_user_first_name_max_length	2025-03-07 03:58:01.370995+00
16	users	0001_initial	2025-03-07 03:58:01.488743+00
17	admin	0001_initial	2025-03-07 03:58:01.541286+00
18	admin	0002_logentry_remove_auto_add	2025-03-07 03:58:01.559673+00
19	admin	0003_logentry_add_action_flag_choices	2025-03-07 03:58:01.574182+00
20	pilots	0001_initial	2025-03-07 03:58:01.626841+00
21	organizations	0002_remove_organization_primary_contact_email	2025-03-07 03:58:01.645405+00
22	pilots	0002_pilot_price_max_pilot_price_min_pilot_price_type_and_more	2025-03-07 03:58:01.745474+00
23	notifications	0001_initial	2025-03-07 03:58:01.943717+00
24	notifications	0002_notificationpreferences	2025-03-07 03:58:01.973174+00
25	organizations	0003_organization_free_trial_used_and_more	2025-03-07 03:58:02.016333+00
26	pilots	0003_remove_pilot_price_max_remove_pilot_price_min_and_more	2025-03-07 03:58:02.071529+00
27	pilots	0004_pilotbid_fee_percentage_alter_pilotbid_status	2025-03-07 03:58:02.105273+00
28	payments	0001_initial	2025-03-07 03:58:02.255845+00
29	sessions	0001_initial	2025-03-07 03:58:02.283969+00
30	pilots	0005_alter_pilot_compliance_requirements	2025-03-10 06:44:55.358944+00
31	organizations	0004_organization_description_organization_logo	2025-03-10 18:38:10.111382+00
32	organizations	0004_add_token_fields	2025-04-12 12:08:53.022026+00
33	payments	0002_create_token_models	2025-04-12 12:09:02.811493+00
34	payments	0003_alter_tokenpackage_options_and_more	2025-04-12 12:09:02.835439+00
35	pilots	0005_add_token_tracking	2025-04-12 12:09:02.935012+00
\.


--
-- Data for Name: django_session; Type: TABLE DATA; Schema: public; Owner: postgres
--

COPY public.django_session (session_key, session_data, expire_date) FROM stdin;
r9r8jvgvncpv0rll6pp5sua2wgunbtia	.eJxVjMsOwiAQRf-FtSEDhQFcuu83kGEYpWrapI-V8d-1SRe6veec-1KZtrXlbZE5D1WdlVGn360QP2TcQb3TeJs0T-M6D0Xvij7oovupyvNyuH8HjZb2rWPqinEuEbFLMbjOiwErEEEsYnCCgM5wQPDo-eqlC2KrNViYIHhW7w-tCTax:1tqeiV:L3EFpo7XewdB04CM-zAwFy0hn8DBLI35MB0K3cMQhdY	2025-03-08 20:54:47.607794+00
uc4pzg0fdh8zup7mthg5l4g92443dcr4	.eJxVjDsOwjAQBe_iGlnrXxxT0nMGa9de4wBypDipEHeHSCmgfTPzXiLitta4dV7ilMVZBHH63QjTg9sO8h3bbZZpbusykdwVedAur3Pm5-Vw_w4q9vqtHSWTnRqyhlKMUap4yzbokPzgIACBA1aavPWeEUbM2rhgrMaRUBOJ9wfKdzcz:1tssQD:dLmmYa6znoiPR99o27j0rfIMTiNOmK-eEi-Yr-CZGjA	2025-03-14 23:57:05.697607+00
6p9d6vfxt9j0afwxe558sxzpbvh90bf7	.eJxVjEEOwiAQRe_C2hAqDDAu3fcMZBioVA0kpV0Z765NutDtf-_9lwi0rSVsPS9hTuIijDj9bpH4kesO0p3qrUludV3mKHdFHrTLsaX8vB7u30GhXr61RT2wUogTOfJE2iF6BxDBJQKmMw_eRgOTVVGDgeh8RkLIbNECsnh_AM8tN2w:1tqevl:t1hj0-GG_ktIVocwk-FqW5MfR1KyLF3DmojiO-cYz_I	2025-03-08 21:08:29.643242+00
cnb8y1s5ch33r6pofrtfrubz42bkhzzw	.eJxVjEsOwiAUAO_C2hB-D6hL9z0DecBDqoYmpV0Z725IutDtzGTeLOCx13B02sKS2ZUBu_yyiOlJbYj8wHZfeVrbvi2Rj4SftvN5zfS6ne3foGKvY6uEkq6YqHQGBACh0UiByniMOikRk9VOTn7S0lOxREbpCNISSOdSYZ8vsrQ2zw:1tvCV2:QgX7qvV0nhtT3hQxs6YpdtWm4As7kyIb7yeF9gx_Was	2025-03-21 09:47:40.535652+00
3nkp7j3pt6wufn7am73h99gqnxbmbo72	.eJxVjEsOwiAUAO_C2hB-D6hL9z0DecBDqoYmpV0Z725IutDtzGTeLOCx13B02sKS2ZUBu_yyiOlJbYj8wHZfeVrbvi2Rj4SftvN5zfS6ne3foGKvY6uEkq6YqHQGBACh0UiByniMOikRk9VOTn7S0lOxREbpCNISSOdSYZ8vsrQ2zw:1txskw:l6I5wnOo4ekabJlmx3hiBLnTRqdcbHRwZiknfFcNmEM	2025-03-28 19:19:10.553351+00
5x13ehpsm2tw77w3jn7qn4fo9bvp77lv	.eJxVjEEOwiAQRe_C2hCmYAGX7nsGMjCDVA0kpV0Z765NutDtf-_9lwi4rSVsnZcwk7gILU6_W8T04LoDumO9NZlaXZc5yl2RB-1yasTP6-H-HRTs5Vs7NZJndgoHoAyA2nLWKRliZ9KotM_RGucAwDNZq6KKZzsoZ3zGSCDeH-g5N9Q:1txtl6:Ow4HrAgNE8CD9A7GIj6RVO6q9prwlB4TIW3yhxurjgw	2025-03-28 20:23:24.257226+00
ini70pcd3doto2kwsi870f2wzonz6q00	.eJxVjEsOwiAUAO_C2hB-D6hL9z0DecBDqoYmpV0Z725IutDtzGTeLOCx13B02sKS2ZUBu_yyiOlJbYj8wHZfeVrbvi2Rj4SftvN5zfS6ne3foGKvY6uEkq6YqHQGBACh0UiByniMOikRk9VOTn7S0lOxREbpCNISSOdSYZ8vsrQ2zw:1u22OE:_a5tZp_f7jGtJpjyPbGufpgs0LODEsAjWRJs9iAu4Zg	2025-04-09 06:24:54.223589+00
nsn86suosy51rtjppeekm4i3upjlt06h	.eJxVjDsOwjAQRO_iGlkGf9ZQ0nOGaNe7xgFkS3FSIe5OIqWAZop5b-atBlzmMixdpmFkdVFBHX47wvSUugF-YL03nVqdp5H0puiddn1rLK_r7v4dFOxlXQt5nwKCMzk6KxnYubMlABLAfIqck4-WkycTTMgI5JwX649rGoOgPl_4fTgO:1u3Zmz:bnOp71-g_wuNpAWeXBh0CspxiklWuSiqu-mJz6Ia7M0	2025-04-13 12:16:49.091138+00
d2ff293gxdyerpr777awav0dbwrlghxo	.eJxVjEsOwiAUAO_C2hB-D6hL9z0DecBDqoYmpV0Z725IutDtzGTeLOCx13B02sKS2ZUBu_yyiOlJbYj8wHZfeVrbvi2Rj4SftvN5zfS6ne3foGKvY6uEkq6YqHQGBACh0UiByniMOikRk9VOTn7S0lOxREbpCNISSOdSYZ8vsrQ2zw:1tripQ:LieaHuuLcSLuMPYVfXiAHQYjvbEjpojCmh3XJDv5LxA	2025-03-11 19:30:20.187038+00
\.


--
-- Data for Name: notifications_notification; Type: TABLE DATA; Schema: public; Owner: postgres
--

COPY public.notifications_notification (id, type, title, message, read, created_at, recipient_id, related_bid_id, related_pilot_id) FROM stdin;
1	pilot_updated	Pilot published: Enterprise - Initial Pilot	Your pilot 'Enterprise - Initial Pilot' has been published successfully and is now visible to startups.	f	2025-03-10 17:42:41.123659+00	6	\N	1
2	bid_submitted	New bid received: Enterprise - Initial Pilot	StartupTest has submitted a new bid of $1900 for your pilot 'Enterprise - Initial Pilot'.	f	2025-03-10 17:43:56.330673+00	6	1	1
3	bid_submitted	New bid received: Enterprise - Initial Pilot	StartupTest has submitted a new bid of $1900 for your pilot 'Enterprise - Initial Pilot'.	f	2025-03-10 17:43:56.346365+00	5	1	1
4	bid_submitted	New bid received: Enterprise - Initial Pilot	Startup2 has submitted a new bid of $0.00 for your pilot 'Enterprise - Initial Pilot'.	f	2025-03-10 18:10:43.121512+00	6	2	1
5	bid_submitted	New bid received: Enterprise - Initial Pilot	Startup2 has submitted a new bid of $0.00 for your pilot 'Enterprise - Initial Pilot'.	f	2025-03-10 18:10:43.131363+00	7	2	1
\.


--
-- Data for Name: notifications_notificationpreferences; Type: TABLE DATA; Schema: public; Owner: postgres
--

COPY public.notifications_notificationpreferences (id, enabled, user_id) FROM stdin;
\.


--
-- Data for Name: organizations_organization; Type: TABLE DATA; Schema: public; Owner: postgres
--

COPY public.organizations_organization (id, name, type, website, business_type, business_registration_number, tax_identification_number, primary_contact_name, primary_contact_phone, created_at, updated_at, onboarding_completed, free_trial_used, has_payment_method, stripe_customer_id, description, logo, token_balance, tokens_used, tokens_purchased) FROM stdin;
1	FEND AI	startup	fend.ai/	\N	\N	\N	\N	\N	2025-03-07 20:29:56.842899+00	2025-03-07 20:31:00.404448+00	t	f	f	cus_RtvO1J7uC7r7Od	\N	\N	0	0	0
3	CMU	startup	cmu.org	\N	\N	\N	\N	\N	2025-03-07 21:08:27.986553+00	2025-03-07 21:08:39.610909+00	t	f	f	cus_Rtw02fj16fx1dt	\N	\N	0	0	0
6	Startup2	startup	startup website.com	\N	\N	\N	\N	\N	2025-03-10 18:07:26.980326+00	2025-03-10 18:07:28.469633+00	t	f	f	\N	\N	\N	0	0	0
4	StartupTest	startup	startup.com	\N	\N	\N	\N	\N	2025-03-10 06:37:43.599459+00	2025-03-13 23:48:04.38692+00	t	f	t	cus_RupdskN8uAivgL		organization_logos/IMG_4407.jpg	0	0	0
2	ROHAN CO.	enterprise	rohanmukherji.com	c_corp	82-5095888	54-9999999	RohanEnterprise	650-735-2255	2025-03-07 20:55:14.739653+00	2025-03-07 21:04:18.429135+00	t	f	t	cus_RtvvenrZS9TEJa	\N	\N	3	0	3
5	Enterprise	enterprise	enterprise.com	international	3141341	\N	Enterprise	1212	2025-03-10 06:40:03.128672+00	2025-03-10 17:41:56.116765+00	t	f	t	cus_Rupl0liVMLgWFI	\N	\N	3	0	3
7	Test Company	enterprise	sdgfsdfsd	llc	11-1111111	\N	Sameer	210921029102	2025-03-13 23:24:13.717822+00	2025-03-13 23:28:34.763322+00	t	f	f	\N	\N		3	0	3
8	Test Company 2	enterprise	djfnasldjfn	\N	\N	\N	\N	\N	2025-03-13 23:54:08.092423+00	2025-03-13 23:54:08.092448+00	f	f	f	\N	\N		3	0	3
9	Test Company 2	enterprise	djfnasldjfn	\N	\N	\N	\N	\N	2025-03-13 23:54:32.694228+00	2025-03-13 23:54:32.694252+00	f	f	f	\N	\N		3	0	3
10	Test Company 2	enterprise	djfnasldjfn	s_corp	39-2398283	\N	Sameer	429482384	2025-03-13 23:55:53.004768+00	2025-03-13 23:57:05.685115+00	t	f	f	\N	\N		3	0	3
\.


--
-- Data for Name: organizations_pilotdefinition; Type: TABLE DATA; Schema: public; Owner: postgres
--

COPY public.organizations_pilotdefinition (id, description, technical_specs_doc, performance_metrics, compliance_requirements, is_private, created_at, updated_at, organization_id) FROM stdin;
1	Looking for software to build a marketplace	pilot_specs/Screenshot_2025-03-06_at_9.04.45_PM.png	ARR: $100K\r\nMRR: $10K	Definition of Done	f	2025-03-07 21:02:40.224321+00	2025-03-07 21:02:40.224347+00	2
2	Test Pilot				f	2025-03-10 06:45:55.722888+00	2025-03-10 06:45:55.722926+00	5
3	Give me a marketplace				f	2025-03-13 23:28:33.633357+00	2025-03-13 23:28:33.63338+00	7
4					f	2025-03-13 23:57:04.607771+00	2025-03-13 23:57:04.607795+00	10
\.


--
-- Data for Name: payments_payment; Type: TABLE DATA; Schema: public; Owner: postgres
--

COPY public.payments_payment (id, payment_type, amount, stripe_payment_id, status, created_at, organization_id, subscription_id) FROM stdin;
2	subscription	1000.00	pi_3R0843ExDwmQ2c8l0jGZatSe	complete	2025-03-07 21:04:18.423317+00	2	2
5	subscription	1000.00	pi_3R1AKrExDwmQ2c8l0nOYVzLy	complete	2025-03-10 17:41:56.101973+00	5	5
6	subscription	100.00	cs_test_a1RkPcZerg5qPDmCpJJJQtbnbezA8Fts6o6GTaVu7T5aN9pZ0e3yW1cUQI	complete	2025-03-13 23:48:04.382046+00	4	4
\.


--
-- Data for Name: payments_pilottransaction; Type: TABLE DATA; Schema: public; Owner: postgres
--

COPY public.payments_pilottransaction (id, amount, fee_amount, fee_percentage, stripe_payment_intent_id, status, completed_at, pilot_bid_id) FROM stdin;
\.


--
-- Data for Name: payments_pricingplan; Type: TABLE DATA; Schema: public; Owner: postgres
--

COPY public.payments_pricingplan (id, name, plan_type, price, billing_frequency, stripe_price_id, pilot_limit, is_active) FROM stdin;
4	Enterprise Unlimited	enterprise_unlimited	600.00	yearly		0	t
1	Startup Monthly	startup_monthly	10.00	monthly	price_1R07XsExDwmQ2c8lgPyXggnq	0	t
2	Startup Yearly	startup_yearly	100.00	yearly	price_1R07ZCExDwmQ2c8l8fxdWWEB	0	t
3	Enterprise Single Pilot	enterprise_single	1000.00	one_time	price_1R083SExDwmQ2c8lZ2Mhp9B9	1	t
\.


--
-- Data for Name: payments_subscription; Type: TABLE DATA; Schema: public; Owner: postgres
--

COPY public.payments_subscription (id, stripe_subscription_id, stripe_customer_id, status, current_period_start, current_period_end, cancel_at_period_end, created_at, updated_at, organization_id, plan_id) FROM stdin;
1	sub_1R07bZExDwmQ2c8luFhR78ve		active	2025-03-07 20:34:49+00	2026-03-07 20:34:49+00	t	2025-03-07 20:30:59.77051+00	2025-03-07 20:40:33.096028+00	1	2
2	\N		active	2025-03-07 21:04:18.41929+00	2026-03-07 21:04:18.419301+00	f	2025-03-07 21:03:38.747175+00	2025-03-07 21:04:18.419465+00	2	3
3	sub_1R088rExDwmQ2c8lvG1CZ3p6		active	2025-03-07 21:09:13+00	2026-03-07 21:09:13+00	f	2025-03-07 21:08:39.286996+00	2025-03-07 21:09:18.234611+00	3	2
5	\N		active	2025-03-10 17:41:56.096045+00	2026-03-10 17:41:56.096056+00	f	2025-03-10 06:46:03.270556+00	2025-03-10 17:41:56.096225+00	5	3
4	sub_1R2LTmExDwmQ2c8loCBAI54O		active	2025-03-13 23:47:58+00	2026-03-13 23:47:58+00	t	2025-03-10 06:37:49.820373+00	2025-03-13 23:48:04.372532+00	4	2
\.


--
-- Data for Name: payments_tokenpackage; Type: TABLE DATA; Schema: public; Owner: postgres
--

COPY public.payments_tokenpackage (id, name, price_per_token, description, is_active, stripe_price_id) FROM stdin;
1	Standard Token	100.00	Tokens for publishing pilot opportunities	t	\N
\.


--
-- Data for Name: payments_tokentransaction; Type: TABLE DATA; Schema: public; Owner: postgres
--

COPY public.payments_tokentransaction (id, token_count, amount, stripe_payment_id, stripe_checkout_id, status, created_at, completed_at, organization_id, package_id) FROM stdin;
\.


--
-- Data for Name: pilots_pilot; Type: TABLE DATA; Schema: public; Owner: postgres
--

COPY public.pilots_pilot (id, title, description, requirements, status, technical_specs_doc, performance_metrics, compliance_requirements, is_private, created_at, updated_at, organization_id, pilot_definition_id, price, published_at, token_consumed) FROM stdin;
1	Enterprise - Initial Pilot	Test Pilot	[]	published	pilot_specs/Screenshot_2025-03-07_at_15.09.21.png			f	2025-03-10 06:45:55.740096+00	2025-03-10 17:42:41.108864+00	5	2	0.00	\N	f
2	Test Company - Initial Pilot	Give me a marketplace	[]	draft				f	2025-03-13 23:28:33.645978+00	2025-03-13 23:28:33.646027+00	7	3	0.00	\N	f
\.


--
-- Data for Name: pilots_pilotbid; Type: TABLE DATA; Schema: public; Owner: postgres
--

COPY public.pilots_pilotbid (id, amount, proposal, status, created_at, updated_at, stripe_payment_intent_id, pilot_id, startup_id, fee_percentage) FROM stdin;
1	1900.00	We good	pending	2025-03-10 17:43:56.301099+00	2025-03-10 17:43:56.301122+00	\N	1	4	5.00
2	0.00	I didnt pay	pending	2025-03-10 18:10:43.112208+00	2025-03-10 18:10:43.112225+00	\N	1	6	5.00
\.


--
-- Data for Name: users_user; Type: TABLE DATA; Schema: public; Owner: postgres
--

COPY public.users_user (id, password, last_login, is_superuser, username, first_name, last_name, email, is_staff, is_active, date_joined, is_verified, organization_id) FROM stdin;
1	pbkdf2_sha256$870000$6VIKHNDDEWNsc4UlNyDpQY$qpKjt7QyMPdO6iJThHKVaRPSB3KQ66UNgGM6UhAQW3o=	2025-03-10 06:36:38.756632+00	t	fend			sameer@thefend.com	t	t	2025-03-07 03:58:46.036391+00	f	\N
9	pbkdf2_sha256$870000$HMrqSOzKDvf5BeAcmiTWDH$3UmfnS41CIobZw2pLNPO78b6iq7hQ3MkdmVwmOyqcs8=	2025-03-13 23:57:05.694329+00	f	testsignup@test.com			testsignup@test.com	f	t	2025-03-13 23:57:04.611459+00	f	10
7	pbkdf2_sha256$870000$ohHQLdkVxjD6Tw6EcAgXJM$jV5Dmyj5hG6bp/kDVaRpNO+3fB4sqD0FOgFfpoYBxwY=	2025-03-10 18:07:28.473943+00	f	startup2@test.com			startup2@test.com	f	t	2025-03-10 18:07:27.11335+00	f	6
2	pbkdf2_sha256$870000$qw4GScwaB1T0kuVEpF0shr$OISjBqmN72lhQ5K6z9HmYH4C74wWdTE/D4lrgpOO6JM=	2025-03-27 20:19:36.755075+00	f	rohan@thefend.com			rohan@thefend.com	f	t	2025-03-07 20:29:56.8678+00	f	1
4	pbkdf2_sha256$870000$bDPP70eQKNQkI5MjicOFKP$ElVB7YA7UC9E5jvP2cuGChyuN3MsU7517sB0uRVS4as=	2025-03-27 20:23:12.110533+00	f	rohanmukherji@alumni.cmu.edu			rohanmukherji@alumni.cmu.edu	f	t	2025-03-07 21:08:28.009151+00	f	3
8	pbkdf2_sha256$870000$3sHEaK8SZuOiZQmtPqDG6s$O7h/fMtMqC5OjCzP73GU3kcbZKWPInwqM1tDVR9ZK0E=	2025-03-13 23:28:34.77292+00	f	example@test.com			example@test.com	f	t	2025-03-13 23:28:33.654101+00	f	7
3	pbkdf2_sha256$870000$BAaZz8osO2rnENyK8PUNBU$Srqn34G+7JwfXFZjMzzk5WW0tA+F9nsrldmketWUNV8=	2025-03-27 20:23:24.251217+00	f	rohanmukherji@gmail.com			rohanmukherji@gmail.com	f	t	2025-03-07 21:02:40.232411+00	f	2
5	pbkdf2_sha256$870000$caLesqnRopqREnMV61o4MI$HiRt6g20ub9XjKiK/v4/tNty+oHxGIQsUG7Y72CUsRI=	2025-04-08 06:24:54.217931+00	f	startup@test.com			startup@test.com	f	t	2025-03-10 06:37:43.607846+00	f	4
6	pbkdf2_sha256$870000$hmntmD7jx2xJzA5FjzoSrj$zBEQJWw8Om5G5mNsGkopZqz+gtc2xgyxmVgMJU7sgJs=	2025-04-12 12:16:49.087983+00	f	enterprise@test.com			enterprise@test.com	f	t	2025-03-10 06:45:55.760572+00	f	5
\.


--
-- Data for Name: users_user_groups; Type: TABLE DATA; Schema: public; Owner: postgres
--

COPY public.users_user_groups (id, user_id, group_id) FROM stdin;
\.


--
-- Data for Name: users_user_user_permissions; Type: TABLE DATA; Schema: public; Owner: postgres
--

COPY public.users_user_user_permissions (id, user_id, permission_id) FROM stdin;
\.


--
-- Name: auth_group_id_seq; Type: SEQUENCE SET; Schema: public; Owner: postgres
--

SELECT pg_catalog.setval('public.auth_group_id_seq', 1, false);


--
-- Name: auth_group_permissions_id_seq; Type: SEQUENCE SET; Schema: public; Owner: postgres
--

SELECT pg_catalog.setval('public.auth_group_permissions_id_seq', 1, false);


--
-- Name: auth_permission_id_seq; Type: SEQUENCE SET; Schema: public; Owner: postgres
--

SELECT pg_catalog.setval('public.auth_permission_id_seq', 72, true);


--
-- Name: django_admin_log_id_seq; Type: SEQUENCE SET; Schema: public; Owner: postgres
--

SELECT pg_catalog.setval('public.django_admin_log_id_seq', 1, false);


--
-- Name: django_content_type_id_seq; Type: SEQUENCE SET; Schema: public; Owner: postgres
--

SELECT pg_catalog.setval('public.django_content_type_id_seq', 18, true);


--
-- Name: django_migrations_id_seq; Type: SEQUENCE SET; Schema: public; Owner: postgres
--

SELECT pg_catalog.setval('public.django_migrations_id_seq', 35, true);


--
-- Name: notifications_notification_id_seq; Type: SEQUENCE SET; Schema: public; Owner: postgres
--

SELECT pg_catalog.setval('public.notifications_notification_id_seq', 5, true);


--
-- Name: notifications_notificationpreferences_id_seq; Type: SEQUENCE SET; Schema: public; Owner: postgres
--

SELECT pg_catalog.setval('public.notifications_notificationpreferences_id_seq', 1, false);


--
-- Name: organizations_organization_id_seq; Type: SEQUENCE SET; Schema: public; Owner: postgres
--

SELECT pg_catalog.setval('public.organizations_organization_id_seq', 10, true);


--
-- Name: organizations_pilotdefinition_id_seq; Type: SEQUENCE SET; Schema: public; Owner: postgres
--

SELECT pg_catalog.setval('public.organizations_pilotdefinition_id_seq', 4, true);


--
-- Name: payments_payment_id_seq; Type: SEQUENCE SET; Schema: public; Owner: postgres
--

SELECT pg_catalog.setval('public.payments_payment_id_seq', 6, true);


--
-- Name: payments_pilottransaction_id_seq; Type: SEQUENCE SET; Schema: public; Owner: postgres
--

SELECT pg_catalog.setval('public.payments_pilottransaction_id_seq', 1, false);


--
-- Name: payments_pricingplan_id_seq; Type: SEQUENCE SET; Schema: public; Owner: postgres
--

SELECT pg_catalog.setval('public.payments_pricingplan_id_seq', 4, true);


--
-- Name: payments_subscription_id_seq; Type: SEQUENCE SET; Schema: public; Owner: postgres
--

SELECT pg_catalog.setval('public.payments_subscription_id_seq', 5, true);


--
-- Name: payments_tokenpackage_id_seq; Type: SEQUENCE SET; Schema: public; Owner: postgres
--

SELECT pg_catalog.setval('public.payments_tokenpackage_id_seq', 1, true);


--
-- Name: payments_tokentransaction_id_seq; Type: SEQUENCE SET; Schema: public; Owner: postgres
--

SELECT pg_catalog.setval('public.payments_tokentransaction_id_seq', 1, false);


--
-- Name: pilots_pilot_id_seq; Type: SEQUENCE SET; Schema: public; Owner: postgres
--

SELECT pg_catalog.setval('public.pilots_pilot_id_seq', 2, true);


--
-- Name: pilots_pilotbid_id_seq; Type: SEQUENCE SET; Schema: public; Owner: postgres
--

SELECT pg_catalog.setval('public.pilots_pilotbid_id_seq', 2, true);


--
-- Name: users_user_groups_id_seq; Type: SEQUENCE SET; Schema: public; Owner: postgres
--

SELECT pg_catalog.setval('public.users_user_groups_id_seq', 1, false);


--
-- Name: users_user_id_seq; Type: SEQUENCE SET; Schema: public; Owner: postgres
--

SELECT pg_catalog.setval('public.users_user_id_seq', 9, true);


--
-- Name: users_user_user_permissions_id_seq; Type: SEQUENCE SET; Schema: public; Owner: postgres
--

SELECT pg_catalog.setval('public.users_user_user_permissions_id_seq', 1, false);


--
-- Name: auth_group auth_group_name_key; Type: CONSTRAINT; Schema: public; Owner: postgres
--

ALTER TABLE ONLY public.auth_group
    ADD CONSTRAINT auth_group_name_key UNIQUE (name);


--
-- Name: auth_group_permissions auth_group_permissions_group_id_permission_id_0cd325b0_uniq; Type: CONSTRAINT; Schema: public; Owner: postgres
--

ALTER TABLE ONLY public.auth_group_permissions
    ADD CONSTRAINT auth_group_permissions_group_id_permission_id_0cd325b0_uniq UNIQUE (group_id, permission_id);


--
-- Name: auth_group_permissions auth_group_permissions_pkey; Type: CONSTRAINT; Schema: public; Owner: postgres
--

ALTER TABLE ONLY public.auth_group_permissions
    ADD CONSTRAINT auth_group_permissions_pkey PRIMARY KEY (id);


--
-- Name: auth_group auth_group_pkey; Type: CONSTRAINT; Schema: public; Owner: postgres
--

ALTER TABLE ONLY public.auth_group
    ADD CONSTRAINT auth_group_pkey PRIMARY KEY (id);


--
-- Name: auth_permission auth_permission_content_type_id_codename_01ab375a_uniq; Type: CONSTRAINT; Schema: public; Owner: postgres
--

ALTER TABLE ONLY public.auth_permission
    ADD CONSTRAINT auth_permission_content_type_id_codename_01ab375a_uniq UNIQUE (content_type_id, codename);


--
-- Name: auth_permission auth_permission_pkey; Type: CONSTRAINT; Schema: public; Owner: postgres
--

ALTER TABLE ONLY public.auth_permission
    ADD CONSTRAINT auth_permission_pkey PRIMARY KEY (id);


--
-- Name: django_admin_log django_admin_log_pkey; Type: CONSTRAINT; Schema: public; Owner: postgres
--

ALTER TABLE ONLY public.django_admin_log
    ADD CONSTRAINT django_admin_log_pkey PRIMARY KEY (id);


--
-- Name: django_content_type django_content_type_app_label_model_76bd3d3b_uniq; Type: CONSTRAINT; Schema: public; Owner: postgres
--

ALTER TABLE ONLY public.django_content_type
    ADD CONSTRAINT django_content_type_app_label_model_76bd3d3b_uniq UNIQUE (app_label, model);


--
-- Name: django_content_type django_content_type_pkey; Type: CONSTRAINT; Schema: public; Owner: postgres
--

ALTER TABLE ONLY public.django_content_type
    ADD CONSTRAINT django_content_type_pkey PRIMARY KEY (id);


--
-- Name: django_migrations django_migrations_pkey; Type: CONSTRAINT; Schema: public; Owner: postgres
--

ALTER TABLE ONLY public.django_migrations
    ADD CONSTRAINT django_migrations_pkey PRIMARY KEY (id);


--
-- Name: django_session django_session_pkey; Type: CONSTRAINT; Schema: public; Owner: postgres
--

ALTER TABLE ONLY public.django_session
    ADD CONSTRAINT django_session_pkey PRIMARY KEY (session_key);


--
-- Name: notifications_notification notifications_notification_pkey; Type: CONSTRAINT; Schema: public; Owner: postgres
--

ALTER TABLE ONLY public.notifications_notification
    ADD CONSTRAINT notifications_notification_pkey PRIMARY KEY (id);


--
-- Name: notifications_notificationpreferences notifications_notificationpreferences_pkey; Type: CONSTRAINT; Schema: public; Owner: postgres
--

ALTER TABLE ONLY public.notifications_notificationpreferences
    ADD CONSTRAINT notifications_notificationpreferences_pkey PRIMARY KEY (id);


--
-- Name: notifications_notificationpreferences notifications_notificationpreferences_user_id_key; Type: CONSTRAINT; Schema: public; Owner: postgres
--

ALTER TABLE ONLY public.notifications_notificationpreferences
    ADD CONSTRAINT notifications_notificationpreferences_user_id_key UNIQUE (user_id);


--
-- Name: organizations_organization organizations_organization_pkey; Type: CONSTRAINT; Schema: public; Owner: postgres
--

ALTER TABLE ONLY public.organizations_organization
    ADD CONSTRAINT organizations_organization_pkey PRIMARY KEY (id);


--
-- Name: organizations_pilotdefinition organizations_pilotdefinition_organization_id_key; Type: CONSTRAINT; Schema: public; Owner: postgres
--

ALTER TABLE ONLY public.organizations_pilotdefinition
    ADD CONSTRAINT organizations_pilotdefinition_organization_id_key UNIQUE (organization_id);


--
-- Name: organizations_pilotdefinition organizations_pilotdefinition_pkey; Type: CONSTRAINT; Schema: public; Owner: postgres
--

ALTER TABLE ONLY public.organizations_pilotdefinition
    ADD CONSTRAINT organizations_pilotdefinition_pkey PRIMARY KEY (id);


--
-- Name: payments_payment payments_payment_pkey; Type: CONSTRAINT; Schema: public; Owner: postgres
--

ALTER TABLE ONLY public.payments_payment
    ADD CONSTRAINT payments_payment_pkey PRIMARY KEY (id);


--
-- Name: payments_pilottransaction payments_pilottransaction_pilot_bid_id_key; Type: CONSTRAINT; Schema: public; Owner: postgres
--

ALTER TABLE ONLY public.payments_pilottransaction
    ADD CONSTRAINT payments_pilottransaction_pilot_bid_id_key UNIQUE (pilot_bid_id);


--
-- Name: payments_pilottransaction payments_pilottransaction_pkey; Type: CONSTRAINT; Schema: public; Owner: postgres
--

ALTER TABLE ONLY public.payments_pilottransaction
    ADD CONSTRAINT payments_pilottransaction_pkey PRIMARY KEY (id);


--
-- Name: payments_pricingplan payments_pricingplan_pkey; Type: CONSTRAINT; Schema: public; Owner: postgres
--

ALTER TABLE ONLY public.payments_pricingplan
    ADD CONSTRAINT payments_pricingplan_pkey PRIMARY KEY (id);


--
-- Name: payments_subscription payments_subscription_organization_id_key; Type: CONSTRAINT; Schema: public; Owner: postgres
--

ALTER TABLE ONLY public.payments_subscription
    ADD CONSTRAINT payments_subscription_organization_id_key UNIQUE (organization_id);


--
-- Name: payments_subscription payments_subscription_pkey; Type: CONSTRAINT; Schema: public; Owner: postgres
--

ALTER TABLE ONLY public.payments_subscription
    ADD CONSTRAINT payments_subscription_pkey PRIMARY KEY (id);


--
-- Name: payments_tokenpackage payments_tokenpackage_pkey; Type: CONSTRAINT; Schema: public; Owner: postgres
--

ALTER TABLE ONLY public.payments_tokenpackage
    ADD CONSTRAINT payments_tokenpackage_pkey PRIMARY KEY (id);


--
-- Name: payments_tokentransaction payments_tokentransaction_pkey; Type: CONSTRAINT; Schema: public; Owner: postgres
--

ALTER TABLE ONLY public.payments_tokentransaction
    ADD CONSTRAINT payments_tokentransaction_pkey PRIMARY KEY (id);


--
-- Name: pilots_pilot pilots_pilot_pkey; Type: CONSTRAINT; Schema: public; Owner: postgres
--

ALTER TABLE ONLY public.pilots_pilot
    ADD CONSTRAINT pilots_pilot_pkey PRIMARY KEY (id);


--
-- Name: pilots_pilotbid pilots_pilotbid_pilot_id_startup_id_b4750237_uniq; Type: CONSTRAINT; Schema: public; Owner: postgres
--

ALTER TABLE ONLY public.pilots_pilotbid
    ADD CONSTRAINT pilots_pilotbid_pilot_id_startup_id_b4750237_uniq UNIQUE (pilot_id, startup_id);


--
-- Name: pilots_pilotbid pilots_pilotbid_pkey; Type: CONSTRAINT; Schema: public; Owner: postgres
--

ALTER TABLE ONLY public.pilots_pilotbid
    ADD CONSTRAINT pilots_pilotbid_pkey PRIMARY KEY (id);


--
-- Name: users_user_groups users_user_groups_pkey; Type: CONSTRAINT; Schema: public; Owner: postgres
--

ALTER TABLE ONLY public.users_user_groups
    ADD CONSTRAINT users_user_groups_pkey PRIMARY KEY (id);


--
-- Name: users_user_groups users_user_groups_user_id_group_id_b88eab82_uniq; Type: CONSTRAINT; Schema: public; Owner: postgres
--

ALTER TABLE ONLY public.users_user_groups
    ADD CONSTRAINT users_user_groups_user_id_group_id_b88eab82_uniq UNIQUE (user_id, group_id);


--
-- Name: users_user users_user_pkey; Type: CONSTRAINT; Schema: public; Owner: postgres
--

ALTER TABLE ONLY public.users_user
    ADD CONSTRAINT users_user_pkey PRIMARY KEY (id);


--
-- Name: users_user_user_permissions users_user_user_permissions_pkey; Type: CONSTRAINT; Schema: public; Owner: postgres
--

ALTER TABLE ONLY public.users_user_user_permissions
    ADD CONSTRAINT users_user_user_permissions_pkey PRIMARY KEY (id);


--
-- Name: users_user_user_permissions users_user_user_permissions_user_id_permission_id_43338c45_uniq; Type: CONSTRAINT; Schema: public; Owner: postgres
--

ALTER TABLE ONLY public.users_user_user_permissions
    ADD CONSTRAINT users_user_user_permissions_user_id_permission_id_43338c45_uniq UNIQUE (user_id, permission_id);


--
-- Name: users_user users_user_username_key; Type: CONSTRAINT; Schema: public; Owner: postgres
--

ALTER TABLE ONLY public.users_user
    ADD CONSTRAINT users_user_username_key UNIQUE (username);


--
-- Name: auth_group_name_a6ea08ec_like; Type: INDEX; Schema: public; Owner: postgres
--

CREATE INDEX auth_group_name_a6ea08ec_like ON public.auth_group USING btree (name varchar_pattern_ops);


--
-- Name: auth_group_permissions_group_id_b120cbf9; Type: INDEX; Schema: public; Owner: postgres
--

CREATE INDEX auth_group_permissions_group_id_b120cbf9 ON public.auth_group_permissions USING btree (group_id);


--
-- Name: auth_group_permissions_permission_id_84c5c92e; Type: INDEX; Schema: public; Owner: postgres
--

CREATE INDEX auth_group_permissions_permission_id_84c5c92e ON public.auth_group_permissions USING btree (permission_id);


--
-- Name: auth_permission_content_type_id_2f476e4b; Type: INDEX; Schema: public; Owner: postgres
--

CREATE INDEX auth_permission_content_type_id_2f476e4b ON public.auth_permission USING btree (content_type_id);


--
-- Name: django_admin_log_content_type_id_c4bce8eb; Type: INDEX; Schema: public; Owner: postgres
--

CREATE INDEX django_admin_log_content_type_id_c4bce8eb ON public.django_admin_log USING btree (content_type_id);


--
-- Name: django_admin_log_user_id_c564eba6; Type: INDEX; Schema: public; Owner: postgres
--

CREATE INDEX django_admin_log_user_id_c564eba6 ON public.django_admin_log USING btree (user_id);


--
-- Name: django_session_expire_date_a5c62663; Type: INDEX; Schema: public; Owner: postgres
--

CREATE INDEX django_session_expire_date_a5c62663 ON public.django_session USING btree (expire_date);


--
-- Name: django_session_session_key_c0390e0f_like; Type: INDEX; Schema: public; Owner: postgres
--

CREATE INDEX django_session_session_key_c0390e0f_like ON public.django_session USING btree (session_key varchar_pattern_ops);


--
-- Name: notifications_notification_recipient_id_d055f3f0; Type: INDEX; Schema: public; Owner: postgres
--

CREATE INDEX notifications_notification_recipient_id_d055f3f0 ON public.notifications_notification USING btree (recipient_id);


--
-- Name: notifications_notification_related_bid_id_9e54bf54; Type: INDEX; Schema: public; Owner: postgres
--

CREATE INDEX notifications_notification_related_bid_id_9e54bf54 ON public.notifications_notification USING btree (related_bid_id);


--
-- Name: notifications_notification_related_pilot_id_cb88de5f; Type: INDEX; Schema: public; Owner: postgres
--

CREATE INDEX notifications_notification_related_pilot_id_cb88de5f ON public.notifications_notification USING btree (related_pilot_id);


--
-- Name: payments_payment_organization_id_b9527654; Type: INDEX; Schema: public; Owner: postgres
--

CREATE INDEX payments_payment_organization_id_b9527654 ON public.payments_payment USING btree (organization_id);


--
-- Name: payments_payment_subscription_id_4cc8f173; Type: INDEX; Schema: public; Owner: postgres
--

CREATE INDEX payments_payment_subscription_id_4cc8f173 ON public.payments_payment USING btree (subscription_id);


--
-- Name: payments_subscription_plan_id_973ba84d; Type: INDEX; Schema: public; Owner: postgres
--

CREATE INDEX payments_subscription_plan_id_973ba84d ON public.payments_subscription USING btree (plan_id);


--
-- Name: payments_tokentransaction_organization_id_b3378b12; Type: INDEX; Schema: public; Owner: postgres
--

CREATE INDEX payments_tokentransaction_organization_id_b3378b12 ON public.payments_tokentransaction USING btree (organization_id);


--
-- Name: payments_tokentransaction_package_id_9c28a821; Type: INDEX; Schema: public; Owner: postgres
--

CREATE INDEX payments_tokentransaction_package_id_9c28a821 ON public.payments_tokentransaction USING btree (package_id);


--
-- Name: pilots_pilot_organization_id_28e72bbc; Type: INDEX; Schema: public; Owner: postgres
--

CREATE INDEX pilots_pilot_organization_id_28e72bbc ON public.pilots_pilot USING btree (organization_id);


--
-- Name: pilots_pilot_pilot_definition_id_fc8ae420; Type: INDEX; Schema: public; Owner: postgres
--

CREATE INDEX pilots_pilot_pilot_definition_id_fc8ae420 ON public.pilots_pilot USING btree (pilot_definition_id);


--
-- Name: pilots_pilotbid_pilot_id_0257a581; Type: INDEX; Schema: public; Owner: postgres
--

CREATE INDEX pilots_pilotbid_pilot_id_0257a581 ON public.pilots_pilotbid USING btree (pilot_id);


--
-- Name: pilots_pilotbid_startup_id_5914c392; Type: INDEX; Schema: public; Owner: postgres
--

CREATE INDEX pilots_pilotbid_startup_id_5914c392 ON public.pilots_pilotbid USING btree (startup_id);


--
-- Name: users_user_groups_group_id_9afc8d0e; Type: INDEX; Schema: public; Owner: postgres
--

CREATE INDEX users_user_groups_group_id_9afc8d0e ON public.users_user_groups USING btree (group_id);


--
-- Name: users_user_groups_user_id_5f6f5a90; Type: INDEX; Schema: public; Owner: postgres
--

CREATE INDEX users_user_groups_user_id_5f6f5a90 ON public.users_user_groups USING btree (user_id);


--
-- Name: users_user_organization_id_70643736; Type: INDEX; Schema: public; Owner: postgres
--

CREATE INDEX users_user_organization_id_70643736 ON public.users_user USING btree (organization_id);


--
-- Name: users_user_user_permissions_permission_id_0b93982e; Type: INDEX; Schema: public; Owner: postgres
--

CREATE INDEX users_user_user_permissions_permission_id_0b93982e ON public.users_user_user_permissions USING btree (permission_id);


--
-- Name: users_user_user_permissions_user_id_20aca447; Type: INDEX; Schema: public; Owner: postgres
--

CREATE INDEX users_user_user_permissions_user_id_20aca447 ON public.users_user_user_permissions USING btree (user_id);


--
-- Name: users_user_username_06e46fe6_like; Type: INDEX; Schema: public; Owner: postgres
--

CREATE INDEX users_user_username_06e46fe6_like ON public.users_user USING btree (username varchar_pattern_ops);


--
-- Name: auth_group_permissions auth_group_permissio_permission_id_84c5c92e_fk_auth_perm; Type: FK CONSTRAINT; Schema: public; Owner: postgres
--

ALTER TABLE ONLY public.auth_group_permissions
    ADD CONSTRAINT auth_group_permissio_permission_id_84c5c92e_fk_auth_perm FOREIGN KEY (permission_id) REFERENCES public.auth_permission(id) DEFERRABLE INITIALLY DEFERRED;


--
-- Name: auth_group_permissions auth_group_permissions_group_id_b120cbf9_fk_auth_group_id; Type: FK CONSTRAINT; Schema: public; Owner: postgres
--

ALTER TABLE ONLY public.auth_group_permissions
    ADD CONSTRAINT auth_group_permissions_group_id_b120cbf9_fk_auth_group_id FOREIGN KEY (group_id) REFERENCES public.auth_group(id) DEFERRABLE INITIALLY DEFERRED;


--
-- Name: auth_permission auth_permission_content_type_id_2f476e4b_fk_django_co; Type: FK CONSTRAINT; Schema: public; Owner: postgres
--

ALTER TABLE ONLY public.auth_permission
    ADD CONSTRAINT auth_permission_content_type_id_2f476e4b_fk_django_co FOREIGN KEY (content_type_id) REFERENCES public.django_content_type(id) DEFERRABLE INITIALLY DEFERRED;


--
-- Name: django_admin_log django_admin_log_content_type_id_c4bce8eb_fk_django_co; Type: FK CONSTRAINT; Schema: public; Owner: postgres
--

ALTER TABLE ONLY public.django_admin_log
    ADD CONSTRAINT django_admin_log_content_type_id_c4bce8eb_fk_django_co FOREIGN KEY (content_type_id) REFERENCES public.django_content_type(id) DEFERRABLE INITIALLY DEFERRED;


--
-- Name: django_admin_log django_admin_log_user_id_c564eba6_fk_users_user_id; Type: FK CONSTRAINT; Schema: public; Owner: postgres
--

ALTER TABLE ONLY public.django_admin_log
    ADD CONSTRAINT django_admin_log_user_id_c564eba6_fk_users_user_id FOREIGN KEY (user_id) REFERENCES public.users_user(id) DEFERRABLE INITIALLY DEFERRED;


--
-- Name: notifications_notification notifications_notifi_recipient_id_d055f3f0_fk_users_use; Type: FK CONSTRAINT; Schema: public; Owner: postgres
--

ALTER TABLE ONLY public.notifications_notification
    ADD CONSTRAINT notifications_notifi_recipient_id_d055f3f0_fk_users_use FOREIGN KEY (recipient_id) REFERENCES public.users_user(id) DEFERRABLE INITIALLY DEFERRED;


--
-- Name: notifications_notification notifications_notifi_related_bid_id_9e54bf54_fk_pilots_pi; Type: FK CONSTRAINT; Schema: public; Owner: postgres
--

ALTER TABLE ONLY public.notifications_notification
    ADD CONSTRAINT notifications_notifi_related_bid_id_9e54bf54_fk_pilots_pi FOREIGN KEY (related_bid_id) REFERENCES public.pilots_pilotbid(id) DEFERRABLE INITIALLY DEFERRED;


--
-- Name: notifications_notification notifications_notifi_related_pilot_id_cb88de5f_fk_pilots_pi; Type: FK CONSTRAINT; Schema: public; Owner: postgres
--

ALTER TABLE ONLY public.notifications_notification
    ADD CONSTRAINT notifications_notifi_related_pilot_id_cb88de5f_fk_pilots_pi FOREIGN KEY (related_pilot_id) REFERENCES public.pilots_pilot(id) DEFERRABLE INITIALLY DEFERRED;


--
-- Name: notifications_notificationpreferences notifications_notifi_user_id_2b9eca4f_fk_users_use; Type: FK CONSTRAINT; Schema: public; Owner: postgres
--

ALTER TABLE ONLY public.notifications_notificationpreferences
    ADD CONSTRAINT notifications_notifi_user_id_2b9eca4f_fk_users_use FOREIGN KEY (user_id) REFERENCES public.users_user(id) DEFERRABLE INITIALLY DEFERRED;


--
-- Name: organizations_pilotdefinition organizations_pilotd_organization_id_2cf5705b_fk_organizat; Type: FK CONSTRAINT; Schema: public; Owner: postgres
--

ALTER TABLE ONLY public.organizations_pilotdefinition
    ADD CONSTRAINT organizations_pilotd_organization_id_2cf5705b_fk_organizat FOREIGN KEY (organization_id) REFERENCES public.organizations_organization(id) DEFERRABLE INITIALLY DEFERRED;


--
-- Name: payments_payment payments_payment_organization_id_b9527654_fk_organizat; Type: FK CONSTRAINT; Schema: public; Owner: postgres
--

ALTER TABLE ONLY public.payments_payment
    ADD CONSTRAINT payments_payment_organization_id_b9527654_fk_organizat FOREIGN KEY (organization_id) REFERENCES public.organizations_organization(id) DEFERRABLE INITIALLY DEFERRED;


--
-- Name: payments_payment payments_payment_subscription_id_4cc8f173_fk_payments_; Type: FK CONSTRAINT; Schema: public; Owner: postgres
--

ALTER TABLE ONLY public.payments_payment
    ADD CONSTRAINT payments_payment_subscription_id_4cc8f173_fk_payments_ FOREIGN KEY (subscription_id) REFERENCES public.payments_subscription(id) DEFERRABLE INITIALLY DEFERRED;


--
-- Name: payments_pilottransaction payments_pilottransa_pilot_bid_id_184a4fb8_fk_pilots_pi; Type: FK CONSTRAINT; Schema: public; Owner: postgres
--

ALTER TABLE ONLY public.payments_pilottransaction
    ADD CONSTRAINT payments_pilottransa_pilot_bid_id_184a4fb8_fk_pilots_pi FOREIGN KEY (pilot_bid_id) REFERENCES public.pilots_pilotbid(id) DEFERRABLE INITIALLY DEFERRED;


--
-- Name: payments_subscription payments_subscriptio_organization_id_54d28c04_fk_organizat; Type: FK CONSTRAINT; Schema: public; Owner: postgres
--

ALTER TABLE ONLY public.payments_subscription
    ADD CONSTRAINT payments_subscriptio_organization_id_54d28c04_fk_organizat FOREIGN KEY (organization_id) REFERENCES public.organizations_organization(id) DEFERRABLE INITIALLY DEFERRED;


--
-- Name: payments_subscription payments_subscriptio_plan_id_973ba84d_fk_payments_; Type: FK CONSTRAINT; Schema: public; Owner: postgres
--

ALTER TABLE ONLY public.payments_subscription
    ADD CONSTRAINT payments_subscriptio_plan_id_973ba84d_fk_payments_ FOREIGN KEY (plan_id) REFERENCES public.payments_pricingplan(id) DEFERRABLE INITIALLY DEFERRED;


--
-- Name: payments_tokentransaction payments_tokentransa_organization_id_b3378b12_fk_organizat; Type: FK CONSTRAINT; Schema: public; Owner: postgres
--

ALTER TABLE ONLY public.payments_tokentransaction
    ADD CONSTRAINT payments_tokentransa_organization_id_b3378b12_fk_organizat FOREIGN KEY (organization_id) REFERENCES public.organizations_organization(id) DEFERRABLE INITIALLY DEFERRED;


--
-- Name: payments_tokentransaction payments_tokentransa_package_id_9c28a821_fk_payments_; Type: FK CONSTRAINT; Schema: public; Owner: postgres
--

ALTER TABLE ONLY public.payments_tokentransaction
    ADD CONSTRAINT payments_tokentransa_package_id_9c28a821_fk_payments_ FOREIGN KEY (package_id) REFERENCES public.payments_tokenpackage(id) DEFERRABLE INITIALLY DEFERRED;


--
-- Name: pilots_pilot pilots_pilot_organization_id_28e72bbc_fk_organizat; Type: FK CONSTRAINT; Schema: public; Owner: postgres
--

ALTER TABLE ONLY public.pilots_pilot
    ADD CONSTRAINT pilots_pilot_organization_id_28e72bbc_fk_organizat FOREIGN KEY (organization_id) REFERENCES public.organizations_organization(id) DEFERRABLE INITIALLY DEFERRED;


--
-- Name: pilots_pilot pilots_pilot_pilot_definition_id_fc8ae420_fk_organizat; Type: FK CONSTRAINT; Schema: public; Owner: postgres
--

ALTER TABLE ONLY public.pilots_pilot
    ADD CONSTRAINT pilots_pilot_pilot_definition_id_fc8ae420_fk_organizat FOREIGN KEY (pilot_definition_id) REFERENCES public.organizations_pilotdefinition(id) DEFERRABLE INITIALLY DEFERRED;


--
-- Name: pilots_pilotbid pilots_pilotbid_pilot_id_0257a581_fk_pilots_pilot_id; Type: FK CONSTRAINT; Schema: public; Owner: postgres
--

ALTER TABLE ONLY public.pilots_pilotbid
    ADD CONSTRAINT pilots_pilotbid_pilot_id_0257a581_fk_pilots_pilot_id FOREIGN KEY (pilot_id) REFERENCES public.pilots_pilot(id) DEFERRABLE INITIALLY DEFERRED;


--
-- Name: pilots_pilotbid pilots_pilotbid_startup_id_5914c392_fk_organizat; Type: FK CONSTRAINT; Schema: public; Owner: postgres
--

ALTER TABLE ONLY public.pilots_pilotbid
    ADD CONSTRAINT pilots_pilotbid_startup_id_5914c392_fk_organizat FOREIGN KEY (startup_id) REFERENCES public.organizations_organization(id) DEFERRABLE INITIALLY DEFERRED;


--
-- Name: users_user_groups users_user_groups_group_id_9afc8d0e_fk_auth_group_id; Type: FK CONSTRAINT; Schema: public; Owner: postgres
--

ALTER TABLE ONLY public.users_user_groups
    ADD CONSTRAINT users_user_groups_group_id_9afc8d0e_fk_auth_group_id FOREIGN KEY (group_id) REFERENCES public.auth_group(id) DEFERRABLE INITIALLY DEFERRED;


--
-- Name: users_user_groups users_user_groups_user_id_5f6f5a90_fk_users_user_id; Type: FK CONSTRAINT; Schema: public; Owner: postgres
--

ALTER TABLE ONLY public.users_user_groups
    ADD CONSTRAINT users_user_groups_user_id_5f6f5a90_fk_users_user_id FOREIGN KEY (user_id) REFERENCES public.users_user(id) DEFERRABLE INITIALLY DEFERRED;


--
-- Name: users_user users_user_organization_id_70643736_fk_organizat; Type: FK CONSTRAINT; Schema: public; Owner: postgres
--

ALTER TABLE ONLY public.users_user
    ADD CONSTRAINT users_user_organization_id_70643736_fk_organizat FOREIGN KEY (organization_id) REFERENCES public.organizations_organization(id) DEFERRABLE INITIALLY DEFERRED;


--
-- Name: users_user_user_permissions users_user_user_perm_permission_id_0b93982e_fk_auth_perm; Type: FK CONSTRAINT; Schema: public; Owner: postgres
--

ALTER TABLE ONLY public.users_user_user_permissions
    ADD CONSTRAINT users_user_user_perm_permission_id_0b93982e_fk_auth_perm FOREIGN KEY (permission_id) REFERENCES public.auth_permission(id) DEFERRABLE INITIALLY DEFERRED;


--
-- Name: users_user_user_permissions users_user_user_permissions_user_id_20aca447_fk_users_user_id; Type: FK CONSTRAINT; Schema: public; Owner: postgres
--

ALTER TABLE ONLY public.users_user_user_permissions
    ADD CONSTRAINT users_user_user_permissions_user_id_20aca447_fk_users_user_id FOREIGN KEY (user_id) REFERENCES public.users_user(id) DEFERRABLE INITIALLY DEFERRED;


--
-- PostgreSQL database dump complete
--

